{"device": "cuda", "display_step": 10, "res_dir": "./results", "ex_name": "debug", "use_gpu": true, "gpu": 0, "seed": 111, "data_name": "TS500", "data_root": "./data/", "batch_size": 8, "num_workers": 8, "method": "ProDesign", "config_file": null, "hidden_dim": 128, "node_features": 128, "edge_features": 128, "k_neighbors": 30, "dropout": 0.1, "num_encoder_layers": 10, "epoch": 100, "log_step": 1, "lr": 0.001, "patience": 100, "updating_edges": 4, "node_dist": 1, "node_angle": 1, "node_direct": 1, "edge_dist": 1, "edge_angle": 1, "edge_direct": 1, "virtual_num": 3}